Feature;Importance;Arquivo
FEAT_TAXA_INGRESSO_MATRICULA;0.02602341245320547;mega_dataset_filtrado.csv
FEAT_RAZAO_MAT_POR_ING;0.025759489797133567;mega_dataset_filtrado.csv
FEAT_PCT_ING_BRANCA;0.018813780220224004;mega_dataset_filtrado.csv
QT_CONC;0.0170473027113188;mega_dataset_filtrado.csv
QT_CONC_NACBRAS;0.016231131582865575;mega_dataset_filtrado.csv
FEAT_PCT_MAT_FINANC;0.015737578350393484;mega_dataset_filtrado.csv
FEAT_PCT_ING_PRETA_PARDA;0.015489719415921905;mega_dataset_filtrado.csv
FEAT_INDICE_DIVERSIDADE;0.014653600909345343;mega_dataset_filtrado.csv
FEAT_PCT_ING_JOVEM;0.01450635362929451;mega_dataset_filtrado.csv
QT_ING_VG_NOVA;0.014055758037629448;mega_dataset_filtrado.csv
FEAT_PCT_MAT_FEM;0.013663831563772856;mega_dataset_filtrado.csv
QT_ING_VESTIBULAR;0.013609023698895654;mega_dataset_filtrado.csv
CO_UF;0.01336806337109286;mega_dataset_filtrado.csv
QT_ING_VG_REMANESC;0.013164762156760304;mega_dataset_filtrado.csv
FEAT_IDADE_MEDIA_ING;0.013092664341575296;mega_dataset_filtrado.csv
FEAT_PCT_ING_FINANC;0.013001324312914952;mega_dataset_filtrado.csv
QT_MAT_BRANCA;0.012883583075255924;mega_dataset_filtrado.csv
QT_CONC_PROCESCPUBLICA;0.012798706018380226;mega_dataset_filtrado.csv
FEAT_PCT_ING_FEM;0.012542380440840314;mega_dataset_filtrado.csv
QT_MAT;0.012332485408888476;mega_dataset_filtrado.csv
ANO_BASE;0.012186915953856677;mega_dataset_filtrado.csv
QT_ING_PROCESCPUBLICA;0.012077511725803944;mega_dataset_filtrado.csv
QT_CONC_BRANCA;0.011836878368745911;mega_dataset_filtrado.csv
QT_MAT_18_24;0.011807831400403182;mega_dataset_filtrado.csv
QT_MAT_FINANC;0.011723221466233988;mega_dataset_filtrado.csv
QT_MAT_PARDA;0.011665547578840751;mega_dataset_filtrado.csv
QT_CONC_FEM;0.01158857094191348;mega_dataset_filtrado.csv
QT_MAT_PROCESCPUBLICA;0.011531387106017081;mega_dataset_filtrado.csv
QT_MAT_NACBRAS;0.011242241306059173;mega_dataset_filtrado.csv
QT_MAT_MASC;0.011127095389587205;mega_dataset_filtrado.csv
QT_MAT_PROCESCPRIVADA;0.011070552626384986;mega_dataset_filtrado.csv
QT_MAT_FEM;0.011056418772859936;mega_dataset_filtrado.csv
QT_ING_FEM;0.010602616811744245;mega_dataset_filtrado.csv
QT_ING_NACBRAS;0.01058932289639863;mega_dataset_filtrado.csv
QT_ING;0.0104933602882399;mega_dataset_filtrado.csv
QT_MAT_CORND;0.010439703460273906;mega_dataset_filtrado.csv
QT_ING_18_24;0.01032312136626177;mega_dataset_filtrado.csv
QT_ING_PARDA;0.01005439172161673;mega_dataset_filtrado.csv
QT_MAT_FINANC_NREEMB;0.010050845420482991;mega_dataset_filtrado.csv
QT_ING_ENEM;0.010003790063809633;mega_dataset_filtrado.csv
QT_ING_BRANCA;0.009981470452788225;mega_dataset_filtrado.csv
FEAT_PCT_ING_IDOSO;0.009882511948971698;mega_dataset_filtrado.csv
QT_MAT_40_49;0.009323558531056134;mega_dataset_filtrado.csv
QT_MAT_NRPFIES;0.0091806149653838;mega_dataset_filtrado.csv
QT_ING_CORND;0.008961958364001972;mega_dataset_filtrado.csv
QT_ATIV_EXTRACURRICULAR;0.008821777795621981;mega_dataset_filtrado.csv
QT_ING_FINANC_NREEMB;0.008767110693473303;mega_dataset_filtrado.csv
QT_MAT_25_29;0.008576832139526955;mega_dataset_filtrado.csv
QT_ING_PROCESCPRIVADA;0.008574716284479996;mega_dataset_filtrado.csv
QT_MAT_35_39;0.008544141666566257;mega_dataset_filtrado.csv
QT_ING_MASC;0.00844407528414351;mega_dataset_filtrado.csv
QT_MAT_30_34;0.008229789514897393;mega_dataset_filtrado.csv
QT_ING_FINANC;0.008064513414753234;mega_dataset_filtrado.csv
QT_MAT_PRETA;0.008045994829559184;mega_dataset_filtrado.csv
QT_CONC_PARDA;0.007994231379659503;mega_dataset_filtrado.csv
QT_ING_SELECAO_SIMPLIFICA;0.007932922733086413;mega_dataset_filtrado.csv
IN_COMUNITARIA;0.007750951871555755;mega_dataset_filtrado.csv
QT_ING_40_49;0.007567088492817724;mega_dataset_filtrado.csv
QT_ING_35_39;0.007538257360963363;mega_dataset_filtrado.csv
QT_ING_NRPFIES;0.007512366247665271;mega_dataset_filtrado.csv
QT_MAT_ATIV_EXTRACURRICULAR;0.00743408798700042;mega_dataset_filtrado.csv
QT_MAT_50_59;0.007262461213429693;mega_dataset_filtrado.csv
QT_ING_30_34;0.007082878406185688;mega_dataset_filtrado.csv
QT_ING_25_29;0.006943708072278098;mega_dataset_filtrado.csv
IN_CONFESSIONAL;0.00694099531688512;mega_dataset_filtrado.csv
QT_ING_PRETA;0.006754705179137623;mega_dataset_filtrado.csv
CO_REGIAO;0.006592875038074636;mega_dataset_filtrado.csv
QT_ING_ATIV_EXTRACURRICULAR;0.006072679361091087;mega_dataset_filtrado.csv
QT_CONC_MASC;0.006056807522790785;mega_dataset_filtrado.csv
CO_CINE_ROTULO;0.005507564370831831;mega_dataset_filtrado.csv
QT_CONC_FINANC;0.005468899593679202;mega_dataset_filtrado.csv
FEAT_TAXA_OCUPACAO_VAGAS;0.00528562910136313;mega_dataset_filtrado.csv
QT_CONC_18_24;0.004999728259164008;mega_dataset_filtrado.csv
FEAT_PCT_ING_RESERVA_SOCIAL;0.004962681056037871;mega_dataset_filtrado.csv
FEAT_PCT_MAT_APOIO_SOCIAL;0.004892210985055304;mega_dataset_filtrado.csv
TP_ORGANIZACAO_ACADEMICA;0.004790831531993141;mega_dataset_filtrado.csv
QT_CONC_FINANC_NREEMB;0.004758199352563974;mega_dataset_filtrado.csv
QT_CONC_PROCESCPRIVADA;0.004582982839009089;mega_dataset_filtrado.csv
QT_APOIO_SOCIAL;0.004486835440539956;mega_dataset_filtrado.csv
QT_ALUNO_DEFICIENTE;0.0044287457113694195;mega_dataset_filtrado.csv
FEAT_PCT_MAT_RESERVA;0.004421888077051692;mega_dataset_filtrado.csv
QT_CONC_25_29;0.004339864360437225;mega_dataset_filtrado.csv
QT_INSCRITO_TOTAL;0.004269086471191519;mega_dataset_filtrado.csv
QT_MAT_PROUNII;0.004178239167179585;mega_dataset_filtrado.csv
QT_VG_REMANESC;0.004123228422255382;mega_dataset_filtrado.csv
QT_CONC_40_49;0.004078017015751433;mega_dataset_filtrado.csv
QT_ING_50_59;0.003996339967345311;mega_dataset_filtrado.csv
QT_INSC_VG_NOVA;0.003947244811949897;mega_dataset_filtrado.csv
FEAT_RATIO_CANDIDATO_VAGA;0.003943884978784726;mega_dataset_filtrado.csv
QT_VG_TOTAL;0.003915891132044683;mega_dataset_filtrado.csv
TP_CATEGORIA_ADMINISTRATIVA;0.003910493819335511;mega_dataset_filtrado.csv
QT_CONC_NRPFIES;0.0038167236726095286;mega_dataset_filtrado.csv
QT_MAT_APOIO_SOCIAL;0.0036913823841653775;mega_dataset_filtrado.csv
QT_ING_RESERVA_VAGA;0.003602426267106518;mega_dataset_filtrado.csv
QT_MAT_60_MAIS;0.0035872457969510383;mega_dataset_filtrado.csv
QT_MAT_RESERVA_VAGA;0.003516852009223374;mega_dataset_filtrado.csv
FEAT_REGIAO_NORTE_NORDESTE;0.003446426562109774;mega_dataset_filtrado.csv
IN_CAPITAL;0.0033270668223872027;mega_dataset_filtrado.csv
QT_MAT_RVETNICO;0.0033197571323662256;mega_dataset_filtrado.csv
QT_INSC_VG_REMANESC;0.0032561473526158003;mega_dataset_filtrado.csv
FEAT_PCT_ING_DEFICIENTE;0.0031975019200829427;mega_dataset_filtrado.csv
QT_MAT_RVREDEPUBLICA;0.003155014736611095;mega_dataset_filtrado.csv
QT_VG_NOVA;0.00312820449119909;mega_dataset_filtrado.csv
QT_CONC_30_34;0.003054826327602896;mega_dataset_filtrado.csv
QT_ING_APOIO_SOCIAL;0.0029691677181361825;mega_dataset_filtrado.csv
IN_GRATUITO;0.002968967182573146;mega_dataset_filtrado.csv
QT_CONC_ATIV_EXTRACURRICULAR;0.0029580206114655583;mega_dataset_filtrado.csv
QT_MAT_DEFICIENTE;0.0028553928786871;mega_dataset_filtrado.csv
QT_CONC_35_39;0.00274941689135028;mega_dataset_filtrado.csv
QT_MAT_NOTURNO;0.002742553002846694;mega_dataset_filtrado.csv
QT_MAT_AMARELA;0.0027323541399192222;mega_dataset_filtrado.csv
QT_ING_RVREDEPUBLICA;0.0026888511517634216;mega_dataset_filtrado.csv
QT_CONC_CORND;0.002660493976172667;mega_dataset_filtrado.csv
QT_INSCRITO_TOTAL_NOTURNO;0.0026575305738794678;mega_dataset_filtrado.csv
QT_MAT_RVSOCIAL_RF;0.0024742894713316674;mega_dataset_filtrado.csv
QT_CONC_PRETA;0.0024662003072207;mega_dataset_filtrado.csv
FEAT_PUBLICA;0.0024391136111411903;mega_dataset_filtrado.csv
QT_ING_DIURNO;0.002413570047128686;mega_dataset_filtrado.csv
QT_VG_TOTAL_NOTURNO;0.002391384521743893;mega_dataset_filtrado.csv
QT_CONC_NOTURNO;0.0023712938590219304;mega_dataset_filtrado.csv
QT_MAT_RVPPI;0.002325491275034815;mega_dataset_filtrado.csv
QT_ING_NOTURNO;0.002260916131048071;mega_dataset_filtrado.csv
QT_CONC_50_59;0.0022504555795141356;mega_dataset_filtrado.csv
QT_ING_RVSOCIAL_RF;0.002099675911640707;mega_dataset_filtrado.csv
QT_ING_RVPPI;0.0020783491463222986;mega_dataset_filtrado.csv
QT_INSCRITO_TOTAL_DIURNO;0.0019698487438339777;mega_dataset_filtrado.csv
QT_ING_60_MAIS;0.0019244703788867537;mega_dataset_filtrado.csv
QT_MAT_DIURNO;0.0019043266522368707;mega_dataset_filtrado.csv
QT_VG_TOTAL_DIURNO;0.0018782079690209382;mega_dataset_filtrado.csv
FEAT_PCT_ING_PROUNI;0.0018006638102065033;mega_dataset_filtrado.csv
QT_ING_AMARELA;0.001780003592272434;mega_dataset_filtrado.csv
QT_CONC_RESERVA_VAGA;0.0017792488954947777;mega_dataset_filtrado.csv
QT_CONC_APOIO_SOCIAL;0.001728560983016017;mega_dataset_filtrado.csv
TP_REDE;0.0017103225348831955;mega_dataset_filtrado.csv
QT_ING_DEFICIENTE;0.0014991084385424527;mega_dataset_filtrado.csv
QT_CONC_DIURNO;0.0014550859517025573;mega_dataset_filtrado.csv
QT_ING_RVETNICO;0.0014194141070352148;mega_dataset_filtrado.csv
QT_CONC_RVREDEPUBLICA;0.00140077828710113;mega_dataset_filtrado.csv
QT_CONC_RVSOCIAL_RF;0.001372386679261945;mega_dataset_filtrado.csv
QT_MAT_FINANC_NREEMB_OUTROS;0.0013035081954833516;mega_dataset_filtrado.csv
QT_CONC_RVETNICO;0.0012498271282900466;mega_dataset_filtrado.csv
QT_ING_PROUNII;0.0012089721613651576;mega_dataset_filtrado.csv
QT_MAT_INDIGENA;0.0011209386906380883;mega_dataset_filtrado.csv
QT_CONC_RVPPI;0.0010287656209766142;mega_dataset_filtrado.csv
FEAT_PCT_VG_NOTURNO;0.000989707402702697;mega_dataset_filtrado.csv
TP_DIMENSAO;0.0008411344766539671;mega_dataset_filtrado.csv
QT_ING_FINANC_NREEMB_OUTROS;0.0008405288585787034;mega_dataset_filtrado.csv
QT_CONC_PROUNII;0.0006466213179792614;mega_dataset_filtrado.csv
QT_MAT_RVPDEF;0.000638414563758614;mega_dataset_filtrado.csv
QT_ING_RVOUTROS;0.0005582948413915871;mega_dataset_filtrado.csv
QT_MAT_NACESTRANG;0.0005527178924367121;mega_dataset_filtrado.csv
QT_ING_INDIGENA;0.0005238424735796968;mega_dataset_filtrado.csv
FEAT_DOMINANCIA_MODALIDADE;0.0005052863268597393;mega_dataset_filtrado.csv
QT_PARFOR;0.0004882951301619192;mega_dataset_filtrado.csv
QT_CURSO;0.00045300986434205733;mega_dataset_filtrado.csv
TP_MODALIDADE_ENSINO;0.00043792123011936055;mega_dataset_filtrado.csv
QT_ING_0_17;0.00042499981940258015;mega_dataset_filtrado.csv
QT_CONC_DEFICIENTE;0.0004102199822103326;mega_dataset_filtrado.csv
QT_MAT_RVOUTROS;0.00038178000349297785;mega_dataset_filtrado.csv
QT_CONC_AMARELA;0.00037257651464476745;mega_dataset_filtrado.csv
QT_ING_RVPDEF;0.00032387738458432145;mega_dataset_filtrado.csv
QT_ING_NACESTRANG;0.00029966128423776435;mega_dataset_filtrado.csv
QT_MAT_0_17;0.00029088539381879366;mega_dataset_filtrado.csv
QT_MAT_PROCNAOINFORMADA;0.00024474253804645504;mega_dataset_filtrado.csv
QT_VG_PROG_ESPECIAL;0.00023216541949327445;mega_dataset_filtrado.csv
QT_INSC_VG_PROG_ESPECIAL;0.00022112023603246787;mega_dataset_filtrado.csv
QT_CONC_60_MAIS;0.0001896960605327067;mega_dataset_filtrado.csv
QT_MAT_RVQUILO;0.00018279827559191725;mega_dataset_filtrado.csv
QT_ING_RVQUILO;0.00018084624619703723;mega_dataset_filtrado.csv
QT_ING_VG_PROG_ESPECIAL;0.0001652213948038057;mega_dataset_filtrado.csv
QT_CONC_INDIGENA;0.00014323288236557915;mega_dataset_filtrado.csv
QT_CONC_RVPDEF;0.00011541522178128029;mega_dataset_filtrado.csv
QT_ING_AVALIACAO_SERIADA;0.00011249159540711352;mega_dataset_filtrado.csv
QT_MAT_PROUNIP;0.00010823527416862501;mega_dataset_filtrado.csv
QT_MAT_PARFOR;9.279302655002905e-05;mega_dataset_filtrado.csv
QT_CONC_FINANC_NREEMB_OUTROS;9.078042544717157e-05;mega_dataset_filtrado.csv
QT_MAT_FINANC_REEMB;9.001551988279999e-05;mega_dataset_filtrado.csv
QT_MAT_MOB_ACADEMICA;8.488536818123521e-05;mega_dataset_filtrado.csv
QT_ING_OUTRA_FORMA;4.9208170775519e-05;mega_dataset_filtrado.csv
QT_ING_PROUNIP;3.3371574737485187e-05;mega_dataset_filtrado.csv
QT_ING_PARFOR;3.333196935658983e-05;mega_dataset_filtrado.csv
QT_CONC_FINANC_REEMB;2.5596564597883474e-05;mega_dataset_filtrado.csv
QT_MOB_ACADEMICA;2.1640159557581868e-05;mega_dataset_filtrado.csv
QT_CONC_NACESTRANG;2.161646108021441e-05;mega_dataset_filtrado.csv
QT_MAT_RPFIES;1.649504753886125e-05;mega_dataset_filtrado.csv
QT_CONC_RVOUTROS;6.178829676054645e-06;mega_dataset_filtrado.csv
QT_CONC_RVINTERN;0.0;mega_dataset_filtrado.csv
QT_CONC_RVREFU;0.0;mega_dataset_filtrado.csv
QT_CONC_RVIDOSO;0.0;mega_dataset_filtrado.csv
QT_CONC_RVPOVT;0.0;mega_dataset_filtrado.csv
QT_CONC_RVQUILO;0.0;mega_dataset_filtrado.csv
QT_CONC_RVMEDAL;0.0;mega_dataset_filtrado.csv
QT_CONC_RVTRANS;0.0;mega_dataset_filtrado.csv
QT_CONC_PARFOR;0.0;mega_dataset_filtrado.csv
QT_ING_PROC_SELETIVO;0.0;mega_dataset_filtrado.csv
QT_ING_OUTRO_TIPO_SELECAO;0.0;mega_dataset_filtrado.csv
QT_ING_EGR;0.0;mega_dataset_filtrado.csv
QT_MAT_RVTRANS;0.0;mega_dataset_filtrado.csv
CO_CINE_AREA_GERAL;0.0;mega_dataset_filtrado.csv
CO_CINE_AREA_ESPECIFICA;0.0;mega_dataset_filtrado.csv
CO_CINE_AREA_DETALHADA;0.0;mega_dataset_filtrado.csv
TP_GRAU_ACADEMICO;0.0;mega_dataset_filtrado.csv
QT_INSCRITO_TOTAL_EAD;0.0;mega_dataset_filtrado.csv
TP_NIVEL_ACADEMICO;0.0;mega_dataset_filtrado.csv
QT_VG_PROC_SELETIVO;0.0;mega_dataset_filtrado.csv
QT_VG_TOTAL_EAD;0.0;mega_dataset_filtrado.csv
QT_INSC_PROC_SELETIVO;0.0;mega_dataset_filtrado.csv
QT_ING_RVPOVT;0.0;mega_dataset_filtrado.csv
QT_MAT_RVMEDAL;0.0;mega_dataset_filtrado.csv
QT_ING_FIES;0.0;mega_dataset_filtrado.csv
QT_CONC_PROCNAOINFORMADA;0.0;mega_dataset_filtrado.csv
QT_ING_PROCNAOINFORMADA;0.0;mega_dataset_filtrado.csv
QT_ING_MOB_ACADEMICA;0.0;mega_dataset_filtrado.csv
QT_CONC_MOB_ACADEMICA;0.0;mega_dataset_filtrado.csv
QT_CONC_PROUNIP;0.0;mega_dataset_filtrado.csv
QT_CONC_FINANC_REEMB_OUTROS;0.0;mega_dataset_filtrado.csv
QT_CONC_RPFIES;0.0;mega_dataset_filtrado.csv
QT_MAT_FINANC_REEMB_OUTROS;0.0;mega_dataset_filtrado.csv
QT_MAT_FIES;0.0;mega_dataset_filtrado.csv
QT_ING_FINANC_REEMB_OUTROS;0.0;mega_dataset_filtrado.csv
QT_ING_RPFIES;0.0;mega_dataset_filtrado.csv
FEAT_PCT_ING_COM_FIES;0.0;mega_dataset_filtrado.csv
QT_MAT_RVINTERN;0.0;mega_dataset_filtrado.csv
QT_ING_FINANC_REEMB;0.0;mega_dataset_filtrado.csv
FEAT_PCT_VG_EAD;0.0;mega_dataset_filtrado.csv
QT_CONC_0_17;0.0;mega_dataset_filtrado.csv
QT_ING_RVREFU;0.0;mega_dataset_filtrado.csv
QT_ING_RVIDOSO;0.0;mega_dataset_filtrado.csv
QT_ING_RVINTERN;0.0;mega_dataset_filtrado.csv
QT_ING_RVMEDAL;0.0;mega_dataset_filtrado.csv
QT_ING_RVTRANS;0.0;mega_dataset_filtrado.csv
QT_MAT_RVREFU;0.0;mega_dataset_filtrado.csv
QT_MAT_RVPOVT;0.0;mega_dataset_filtrado.csv
QT_MAT_RVIDOSO;0.0;mega_dataset_filtrado.csv
QT_CONC_FIES;0.0;mega_dataset_filtrado.csv
FEAT_TAXA_INGRESSO_MATRICULA;0.038567394934887075;microdados_filtrado_2023.csv
FEAT_RAZAO_MAT_POR_ING;0.03172814081916706;microdados_filtrado_2023.csv
QT_CONC;0.021510394847775612;microdados_filtrado_2023.csv
FEAT_PCT_ING_BRANCA;0.02009655878905718;microdados_filtrado_2023.csv
QT_CONC_PROCESCPUBLICA;0.019592013446449782;microdados_filtrado_2023.csv
QT_CONC_NACBRAS;0.01756762194315729;microdados_filtrado_2023.csv
FEAT_PCT_ING_PRETA_PARDA;0.0169649609336941;microdados_filtrado_2023.csv
QT_CONC_BRANCA;0.016680298097177935;microdados_filtrado_2023.csv
QT_CONC_FEM;0.01620992771122335;microdados_filtrado_2023.csv
FEAT_PCT_ING_JOVEM;0.01571883714373476;microdados_filtrado_2023.csv
FEAT_PCT_MAT_FINANC;0.015566530660617035;microdados_filtrado_2023.csv
QT_MAT_BRANCA;0.01512082821798835;microdados_filtrado_2023.csv
FEAT_INDICE_DIVERSIDADE;0.014517210958824604;microdados_filtrado_2023.csv
CO_UF;0.01398465852307068;microdados_filtrado_2023.csv
QT_ING_VG_REMANESC;0.013201250979670544;microdados_filtrado_2023.csv
FEAT_IDADE_MEDIA_ING;0.013122947791761031;microdados_filtrado_2023.csv
FEAT_PCT_MAT_FEM;0.013000771151836727;microdados_filtrado_2023.csv
QT_ING_VG_NOVA;0.012864055820849134;microdados_filtrado_2023.csv
FEAT_PCT_ING_FEM;0.012848073374932559;microdados_filtrado_2023.csv
QT_MAT_FINANC_NREEMB;0.01262727444161348;microdados_filtrado_2023.csv
QT_ING_VESTIBULAR;0.012566373241726183;microdados_filtrado_2023.csv
QT_MAT;0.012419243459097295;microdados_filtrado_2023.csv
QT_MAT_NACBRAS;0.01209888259372208;microdados_filtrado_2023.csv
QT_ING_BRANCA;0.012000357433780988;microdados_filtrado_2023.csv
FEAT_PCT_ING_FINANC;0.011995776378384867;microdados_filtrado_2023.csv
QT_MAT_NRPFIES;0.011820983742701609;microdados_filtrado_2023.csv
QT_MAT_PROCESCPUBLICA;0.011528180301434085;microdados_filtrado_2023.csv
QT_MAT_FEM;0.011479623464795276;microdados_filtrado_2023.csv
QT_ING_NACBRAS;0.011383346692833302;microdados_filtrado_2023.csv
QT_ING;0.011292842354371111;microdados_filtrado_2023.csv
QT_ING_FEM;0.010813330520772064;microdados_filtrado_2023.csv
QT_ING_PARDA;0.01065820224103983;microdados_filtrado_2023.csv
QT_ING_PROCESCPUBLICA;0.010619200026543062;microdados_filtrado_2023.csv
QT_MAT_PARDA;0.010579350208122578;microdados_filtrado_2023.csv
QT_ING_18_24;0.010121114955396788;microdados_filtrado_2023.csv
FEAT_PCT_ING_IDOSO;0.010100308889373064;microdados_filtrado_2023.csv
QT_MAT_MASC;0.009773433433576235;microdados_filtrado_2023.csv
QT_MAT_PROCESCPRIVADA;0.00971241095454601;microdados_filtrado_2023.csv
QT_MAT_FINANC;0.009690603737347094;microdados_filtrado_2023.csv
QT_MAT_18_24;0.009430896102847147;microdados_filtrado_2023.csv
QT_MAT_40_49;0.009283220200162024;microdados_filtrado_2023.csv
QT_ING_MASC;0.00909730565730349;microdados_filtrado_2023.csv
QT_ING_CORND;0.008937074857142211;microdados_filtrado_2023.csv
QT_ING_NRPFIES;0.008668180665635876;microdados_filtrado_2023.csv
QT_ING_35_39;0.00857594414891155;microdados_filtrado_2023.csv
QT_MAT_CORND;0.008515364617723682;microdados_filtrado_2023.csv
QT_MAT_PRETA;0.00838551791215062;microdados_filtrado_2023.csv
QT_ING_FINANC_NREEMB;0.008378703187404116;microdados_filtrado_2023.csv
QT_ING_PROCESCPRIVADA;0.008337201301325238;microdados_filtrado_2023.csv
QT_MAT_25_29;0.008291907676845466;microdados_filtrado_2023.csv
TP_ORGANIZACAO_ACADEMICA;0.00826344571780221;microdados_filtrado_2023.csv
QT_MAT_35_39;0.008123203348138685;microdados_filtrado_2023.csv
CO_CINE_ROTULO;0.00809490259574531;microdados_filtrado_2023.csv
QT_ING_ENEM;0.008011509039005835;microdados_filtrado_2023.csv
QT_ING_FINANC;0.00796578541819787;microdados_filtrado_2023.csv
QT_ING_25_29;0.007805486060498617;microdados_filtrado_2023.csv
QT_ING_SELECAO_SIMPLIFICA;0.007775755240215251;microdados_filtrado_2023.csv
QT_CONC_PARDA;0.007770453721895518;microdados_filtrado_2023.csv
QT_CONC_25_29;0.007524019928490146;microdados_filtrado_2023.csv
QT_MAT_30_34;0.007033223554316125;microdados_filtrado_2023.csv
QT_CONC_MASC;0.006968921253866089;microdados_filtrado_2023.csv
QT_MAT_ATIV_EXTRACURRICULAR;0.006954584378900393;microdados_filtrado_2023.csv
QT_ING_30_34;0.006717786168929897;microdados_filtrado_2023.csv
FEAT_PCT_MAT_APOIO_SOCIAL;0.006653630756971365;microdados_filtrado_2023.csv
QT_ING_40_49;0.006476243671337712;microdados_filtrado_2023.csv
FEAT_TAXA_OCUPACAO_VAGAS;0.00625339504671053;microdados_filtrado_2023.csv
QT_ATIV_EXTRACURRICULAR;0.006241547087996183;microdados_filtrado_2023.csv
QT_MAT_50_59;0.006208376524283625;microdados_filtrado_2023.csv
QT_ING_PRETA;0.0053826250824516786;microdados_filtrado_2023.csv
QT_MAT_PROUNII;0.005357564532267013;microdados_filtrado_2023.csv
CO_REGIAO;0.005327569469493233;microdados_filtrado_2023.csv
QT_CONC_FINANC;0.004968195220505049;microdados_filtrado_2023.csv
QT_APOIO_SOCIAL;0.004866588889491956;microdados_filtrado_2023.csv
QT_ING_50_59;0.004798272867243675;microdados_filtrado_2023.csv
QT_CONC_18_24;0.004730088554839405;microdados_filtrado_2023.csv
QT_CONC_PROCESCPRIVADA;0.0044169837696796535;microdados_filtrado_2023.csv
FEAT_PCT_ING_RESERVA_SOCIAL;0.004323470773148198;microdados_filtrado_2023.csv
FEAT_PCT_MAT_RESERVA;0.004085519358055229;microdados_filtrado_2023.csv
QT_ALUNO_DEFICIENTE;0.0040697381743394516;microdados_filtrado_2023.csv
QT_CONC_35_39;0.004018608517508379;microdados_filtrado_2023.csv
QT_MAT_RESERVA_VAGA;0.003950866188390864;microdados_filtrado_2023.csv
QT_CONC_40_49;0.0038889770054745176;microdados_filtrado_2023.csv
QT_INSC_VG_NOVA;0.003820256156908343;microdados_filtrado_2023.csv
FEAT_RATIO_CANDIDATO_VAGA;0.0036291581064490756;microdados_filtrado_2023.csv
QT_VG_REMANESC;0.003537247805931026;microdados_filtrado_2023.csv
QT_ING_RESERVA_VAGA;0.0035185132842797907;microdados_filtrado_2023.csv
FEAT_PCT_ING_DEFICIENTE;0.0034702039326524247;microdados_filtrado_2023.csv
FEAT_REGIAO_NORTE_NORDESTE;0.0034670133415575237;microdados_filtrado_2023.csv
QT_CONC_FINANC_NREEMB;0.003465153825472461;microdados_filtrado_2023.csv
QT_INSCRITO_TOTAL;0.003360740489379851;microdados_filtrado_2023.csv
QT_CONC_DIURNO;0.0032815563007326507;microdados_filtrado_2023.csv
QT_CONC_NRPFIES;0.003229124255692808;microdados_filtrado_2023.csv
QT_ING_ATIV_EXTRACURRICULAR;0.003130527545127535;microdados_filtrado_2023.csv
QT_VG_TOTAL;0.003079326278515004;microdados_filtrado_2023.csv
QT_MAT_RVREDEPUBLICA;0.0029853186927727006;microdados_filtrado_2023.csv
QT_INSC_VG_REMANESC;0.0029628596025227747;microdados_filtrado_2023.csv
QT_MAT_60_MAIS;0.002946106648262091;microdados_filtrado_2023.csv
QT_MAT_DIURNO;0.0029287294203866688;microdados_filtrado_2023.csv
QT_MAT_DEFICIENTE;0.002869683781541268;microdados_filtrado_2023.csv
QT_MAT_APOIO_SOCIAL;0.0028147825774724414;microdados_filtrado_2023.csv
QT_CONC_30_34;0.002772858020914892;microdados_filtrado_2023.csv
QT_CONC_ATIV_EXTRACURRICULAR;0.002747067389804562;microdados_filtrado_2023.csv
QT_CONC_50_59;0.002670419573706292;microdados_filtrado_2023.csv
QT_ING_RVREDEPUBLICA;0.0026396841241887025;microdados_filtrado_2023.csv
IN_CAPITAL;0.0025560437782265175;microdados_filtrado_2023.csv
QT_MAT_RVSOCIAL_RF;0.002476752369760475;microdados_filtrado_2023.csv
FEAT_PUBLICA;0.002468137642417815;microdados_filtrado_2023.csv
QT_INSCRITO_TOTAL_NOTURNO;0.0023867735708909595;microdados_filtrado_2023.csv
QT_VG_NOVA;0.002349896301341343;microdados_filtrado_2023.csv
QT_CONC_CORND;0.002314916766100191;microdados_filtrado_2023.csv
QT_MAT_NOTURNO;0.0022829540992774957;microdados_filtrado_2023.csv
QT_CONC_PRETA;0.002282471068476826;microdados_filtrado_2023.csv
FEAT_PCT_ING_PROUNI;0.002265424684228463;microdados_filtrado_2023.csv
QT_ING_DIURNO;0.002258697701010443;microdados_filtrado_2023.csv
QT_CONC_RESERVA_VAGA;0.0022380842826725173;microdados_filtrado_2023.csv
IN_GRATUITO;0.0022040778378627913;microdados_filtrado_2023.csv
QT_CONC_RVREDEPUBLICA;0.0021865989782490856;microdados_filtrado_2023.csv
QT_MAT_AMARELA;0.0021588028715517505;microdados_filtrado_2023.csv
QT_MAT_RVETNICO;0.002087275606445817;microdados_filtrado_2023.csv
TP_CATEGORIA_ADMINISTRATIVA;0.0020062138984742613;microdados_filtrado_2023.csv
QT_ING_NOTURNO;0.001929787904027698;microdados_filtrado_2023.csv
TP_REDE;0.0019258870234644524;microdados_filtrado_2023.csv
QT_VG_TOTAL_DIURNO;0.0018761050507897232;microdados_filtrado_2023.csv
QT_VG_TOTAL_NOTURNO;0.0018362836424990448;microdados_filtrado_2023.csv
QT_PARFOR;0.0017935585906280061;microdados_filtrado_2023.csv
QT_CONC_APOIO_SOCIAL;0.0017888877608974979;microdados_filtrado_2023.csv
QT_MAT_RVOUTROS;0.0017754589730739996;microdados_filtrado_2023.csv
QT_ING_RVETNICO;0.001731969842654003;microdados_filtrado_2023.csv
QT_ING_APOIO_SOCIAL;0.0017104541165486957;microdados_filtrado_2023.csv
QT_ING_AMARELA;0.0017040906195863546;microdados_filtrado_2023.csv
QT_CONC_NOTURNO;0.0016975317136330107;microdados_filtrado_2023.csv
QT_CONC_RVETNICO;0.0016641398035407318;microdados_filtrado_2023.csv
QT_CONC_RVSOCIAL_RF;0.0012596164981008662;microdados_filtrado_2023.csv
QT_ING_60_MAIS;0.0012192694410099296;microdados_filtrado_2023.csv
QT_INSCRITO_TOTAL_DIURNO;0.0011868542943340786;microdados_filtrado_2023.csv
QT_ING_PROUNII;0.0011831025678117773;microdados_filtrado_2023.csv
QT_MAT_INDIGENA;0.0010677234111347398;microdados_filtrado_2023.csv
QT_ING_DEFICIENTE;0.0010575892986249321;microdados_filtrado_2023.csv
QT_ING_FINANC_NREEMB_OUTROS;0.0010226838261629043;microdados_filtrado_2023.csv
QT_ING_RVSOCIAL_RF;0.0010185484188028086;microdados_filtrado_2023.csv
QT_ING_RVOUTROS;0.0009877185935516742;microdados_filtrado_2023.csv
QT_MAT_FINANC_NREEMB_OUTROS;0.0009633634254727004;microdados_filtrado_2023.csv
FEAT_PCT_VG_NOTURNO;0.0009504634664012899;microdados_filtrado_2023.csv
QT_MAT_NACESTRANG;0.0008854172688098076;microdados_filtrado_2023.csv
QT_ING_INDIGENA;0.0005022797627314482;microdados_filtrado_2023.csv
TP_DIMENSAO;0.0005009857824537077;microdados_filtrado_2023.csv
QT_VG_PROG_ESPECIAL;0.00040088406311292174;microdados_filtrado_2023.csv
QT_MAT_RVPDEF;0.00036599588070341827;microdados_filtrado_2023.csv
QT_CONC_AMARELA;0.00036524169523028836;microdados_filtrado_2023.csv
QT_MAT_PARFOR;0.00033951293502598197;microdados_filtrado_2023.csv
FEAT_DOMINANCIA_MODALIDADE;0.00033321289890872935;microdados_filtrado_2023.csv
IN_COMUNITARIA;0.00031978251089924295;microdados_filtrado_2023.csv
QT_CONC_PROUNII;0.00029686023061422767;microdados_filtrado_2023.csv
QT_INSC_VG_PROG_ESPECIAL;0.0002774431874857596;microdados_filtrado_2023.csv
QT_CONC_DEFICIENTE;0.00026276552161754504;microdados_filtrado_2023.csv
TP_MODALIDADE_ENSINO;0.0002611692782677867;microdados_filtrado_2023.csv
QT_CURSO;0.00024848221692457624;microdados_filtrado_2023.csv
QT_MAT_FINANC_REEMB;0.00019757617439614995;microdados_filtrado_2023.csv
QT_ING_0_17;0.0001899792429140123;microdados_filtrado_2023.csv
QT_ING_FINANC_REEMB;0.00017606519807220473;microdados_filtrado_2023.csv
QT_CONC_60_MAIS;0.00016540777944152693;microdados_filtrado_2023.csv
QT_CONC_INDIGENA;0.00014312155026762307;microdados_filtrado_2023.csv
QT_ING_VG_PROG_ESPECIAL;0.00013508991130500823;microdados_filtrado_2023.csv
QT_ING_RVPDEF;0.00013175422820131195;microdados_filtrado_2023.csv
QT_ING_NACESTRANG;0.00012470150605609618;microdados_filtrado_2023.csv
QT_MAT_PROCNAOINFORMADA;0.0001243627523653299;microdados_filtrado_2023.csv
QT_MAT_RPFIES;0.00011677340939480194;microdados_filtrado_2023.csv
QT_MAT_0_17;0.00010109866485476307;microdados_filtrado_2023.csv
QT_CONC_NACESTRANG;9.49690566931539e-05;microdados_filtrado_2023.csv
QT_CONC_PARFOR;8.985545267296098e-05;microdados_filtrado_2023.csv
QT_CONC_RVOUTROS;8.684893156922792e-05;microdados_filtrado_2023.csv
QT_CONC_FINANC_NREEMB_OUTROS;7.466235290888508e-05;microdados_filtrado_2023.csv
QT_CONC_FINANC_REEMB;7.341250561041953e-05;microdados_filtrado_2023.csv
IN_CONFESSIONAL;7.029408512251791e-05;microdados_filtrado_2023.csv
QT_MOB_ACADEMICA;6.256740012372262e-05;microdados_filtrado_2023.csv
QT_ING_RPFIES;6.010350352367333e-05;microdados_filtrado_2023.csv
QT_ING_OUTRA_FORMA;4.531358366727015e-05;microdados_filtrado_2023.csv
QT_MAT_PROUNIP;4.4402609783647864e-05;microdados_filtrado_2023.csv
QT_ING_AVALIACAO_SERIADA;4.0385647094232826e-05;microdados_filtrado_2023.csv
QT_CONC_RVPDEF;1.8710866474588712e-05;microdados_filtrado_2023.csv
QT_VG_PROC_SELETIVO;0.0;microdados_filtrado_2023.csv
QT_VG_TOTAL_EAD;0.0;microdados_filtrado_2023.csv
TP_NIVEL_ACADEMICO;0.0;microdados_filtrado_2023.csv
CO_CINE_AREA_DETALHADA;0.0;microdados_filtrado_2023.csv
QT_ING_PROC_SELETIVO;0.0;microdados_filtrado_2023.csv
CO_CINE_AREA_ESPECIFICA;0.0;microdados_filtrado_2023.csv
QT_ING_EGR;0.0;microdados_filtrado_2023.csv
QT_INSCRITO_TOTAL_EAD;0.0;microdados_filtrado_2023.csv
TP_GRAU_ACADEMICO;0.0;microdados_filtrado_2023.csv
QT_INSC_PROC_SELETIVO;0.0;microdados_filtrado_2023.csv
CO_CINE_AREA_GERAL;0.0;microdados_filtrado_2023.csv
QT_ING_OUTRO_TIPO_SELECAO;0.0;microdados_filtrado_2023.csv
QT_ING_FIES;0.0;microdados_filtrado_2023.csv
QT_CONC_0_17;0.0;microdados_filtrado_2023.csv
FEAT_PCT_VG_EAD;0.0;microdados_filtrado_2023.csv
QT_CONC_PROCNAOINFORMADA;0.0;microdados_filtrado_2023.csv
QT_ING_PROCNAOINFORMADA;0.0;microdados_filtrado_2023.csv
QT_ING_MOB_ACADEMICA;0.0;microdados_filtrado_2023.csv
QT_MAT_MOB_ACADEMICA;0.0;microdados_filtrado_2023.csv
QT_CONC_MOB_ACADEMICA;0.0;microdados_filtrado_2023.csv
QT_CONC_PROUNIP;0.0;microdados_filtrado_2023.csv
QT_CONC_FINANC_REEMB_OUTROS;0.0;microdados_filtrado_2023.csv
QT_CONC_RPFIES;0.0;microdados_filtrado_2023.csv
QT_CONC_FIES;0.0;microdados_filtrado_2023.csv
QT_MAT_FINANC_REEMB_OUTROS;0.0;microdados_filtrado_2023.csv
QT_MAT_FIES;0.0;microdados_filtrado_2023.csv
QT_ING_PROUNIP;0.0;microdados_filtrado_2023.csv
QT_ING_FINANC_REEMB_OUTROS;0.0;microdados_filtrado_2023.csv
FEAT_PCT_ING_COM_FIES;0.0;microdados_filtrado_2023.csv
QT_ING_PARFOR;0.0;microdados_filtrado_2023.csv
ANO_BASE;0.0;microdados_filtrado_2023.csv
FEAT_RAZAO_MAT_POR_ING;0.02974535514216267;microdados_filtrado_2022.csv
FEAT_TAXA_INGRESSO_MATRICULA;0.029680463481407814;microdados_filtrado_2022.csv
FEAT_PCT_ING_PRETA_PARDA;0.01813303458635019;microdados_filtrado_2022.csv
FEAT_PCT_MAT_FEM;0.015895776822452298;microdados_filtrado_2022.csv
FEAT_INDICE_DIVERSIDADE;0.015804903968859453;microdados_filtrado_2022.csv
QT_ING_VESTIBULAR;0.015210012552778238;microdados_filtrado_2022.csv
FEAT_IDADE_MEDIA_ING;0.014934627754637173;microdados_filtrado_2022.csv
QT_CONC;0.014489295783025567;microdados_filtrado_2022.csv
QT_MAT_PARDA;0.014146255544147729;microdados_filtrado_2022.csv
FEAT_PCT_ING_JOVEM;0.0141046695201946;microdados_filtrado_2022.csv
QT_MAT_PROCESCPUBLICA;0.014056800070047221;microdados_filtrado_2022.csv
QT_CONC_NACBRAS;0.013744807601860936;microdados_filtrado_2022.csv
CO_UF;0.013606021829610513;microdados_filtrado_2022.csv
QT_MAT;0.013321383563690548;microdados_filtrado_2022.csv
FEAT_PCT_MAT_FINANC;0.013144088692111613;microdados_filtrado_2022.csv
QT_MAT_NACBRAS;0.013129364024390794;microdados_filtrado_2022.csv
FEAT_PCT_ING_BRANCA;0.012994543248718684;microdados_filtrado_2022.csv
QT_MAT_18_24;0.012856828531737832;microdados_filtrado_2022.csv
QT_ING_VG_NOVA;0.012812954308523045;microdados_filtrado_2022.csv
QT_ING_PARDA;0.012659135987746198;microdados_filtrado_2022.csv
FEAT_PCT_ING_FEM;0.012341605148392111;microdados_filtrado_2022.csv
QT_MAT_FEM;0.012156277963102115;microdados_filtrado_2022.csv
QT_CONC_FEM;0.011914542736298352;microdados_filtrado_2022.csv
QT_MAT_PROCESCPRIVADA;0.011810423726665355;microdados_filtrado_2022.csv
QT_ING;0.011432055574094473;microdados_filtrado_2022.csv
QT_MAT_CORND;0.011364958740333482;microdados_filtrado_2022.csv
QT_ING_PROCESCPUBLICA;0.011344552331592674;microdados_filtrado_2022.csv
QT_ING_FEM;0.011159388911089342;microdados_filtrado_2022.csv
QT_MAT_BRANCA;0.011121864531819797;microdados_filtrado_2022.csv
QT_MAT_FINANC;0.010848023408024121;microdados_filtrado_2022.csv
QT_ING_NACBRAS;0.010835826072726238;microdados_filtrado_2022.csv
QT_MAT_30_34;0.010528701409725377;microdados_filtrado_2022.csv
FEAT_PCT_ING_FINANC;0.010495303700843868;microdados_filtrado_2022.csv
QT_MAT_PRETA;0.010477323731733094;microdados_filtrado_2022.csv
QT_ING_BRANCA;0.010438171252082214;microdados_filtrado_2022.csv
QT_CONC_BRANCA;0.010161931558597454;microdados_filtrado_2022.csv
QT_ING_MASC;0.010074638842730776;microdados_filtrado_2022.csv
QT_MAT_FINANC_NREEMB;0.010071732633452119;microdados_filtrado_2022.csv
QT_ING_18_24;0.009927876852143415;microdados_filtrado_2022.csv
QT_MAT_MASC;0.009875680674883466;microdados_filtrado_2022.csv
QT_ING_VG_REMANESC;0.009780449922686391;microdados_filtrado_2022.csv
QT_MAT_40_49;0.009151954965177417;microdados_filtrado_2022.csv
QT_MAT_35_39;0.009081960826074096;microdados_filtrado_2022.csv
QT_ING_30_34;0.00907181194822503;microdados_filtrado_2022.csv
QT_CONC_PARDA;0.008826512794694999;microdados_filtrado_2022.csv
QT_ING_CORND;0.008805730428862903;microdados_filtrado_2022.csv
QT_ING_ENEM;0.008703855654307759;microdados_filtrado_2022.csv
QT_MAT_25_29;0.008595046701097257;microdados_filtrado_2022.csv
QT_CONC_PROCESCPUBLICA;0.008514562200838323;microdados_filtrado_2022.csv
FEAT_PCT_ING_IDOSO;0.008372130671763064;microdados_filtrado_2022.csv
QT_ING_PROCESCPRIVADA;0.008338590978473287;microdados_filtrado_2022.csv
QT_ATIV_EXTRACURRICULAR;0.007661314183542005;microdados_filtrado_2022.csv
TP_REDE;0.007629264652857487;microdados_filtrado_2022.csv
QT_ING_SELECAO_SIMPLIFICA;0.007601907445791687;microdados_filtrado_2022.csv
QT_ING_NRPFIES;0.007571895024775386;microdados_filtrado_2022.csv
QT_MAT_NRPFIES;0.007526213253863856;microdados_filtrado_2022.csv
QT_ING_FINANC;0.0073736060419865605;microdados_filtrado_2022.csv
FEAT_PCT_ING_RESERVA_SOCIAL;0.007337858607472729;microdados_filtrado_2022.csv
FEAT_PCT_MAT_APOIO_SOCIAL;0.007282197158657477;microdados_filtrado_2022.csv
QT_ING_25_29;0.007274080261538126;microdados_filtrado_2022.csv
QT_ING_35_39;0.007183412727475497;microdados_filtrado_2022.csv
QT_ING_40_49;0.007086941080826245;microdados_filtrado_2022.csv
TP_CATEGORIA_ADMINISTRATIVA;0.007040515413342524;microdados_filtrado_2022.csv
QT_MAT_ATIV_EXTRACURRICULAR;0.006596685485059503;microdados_filtrado_2022.csv
FEAT_RATIO_CANDIDATO_VAGA;0.00641706799744513;microdados_filtrado_2022.csv
QT_ING_ATIV_EXTRACURRICULAR;0.006279463963837706;microdados_filtrado_2022.csv
QT_MAT_50_59;0.006199359105799349;microdados_filtrado_2022.csv
QT_VG_TOTAL;0.006166810014822378;microdados_filtrado_2022.csv
QT_ING_PRETA;0.00596844788522575;microdados_filtrado_2022.csv
QT_ING_FINANC_NREEMB;0.005934891578071795;microdados_filtrado_2022.csv
QT_CONC_RVREDEPUBLICA;0.005736579780629089;microdados_filtrado_2022.csv
QT_INSCRITO_TOTAL;0.005700377673325121;microdados_filtrado_2022.csv
QT_APOIO_SOCIAL;0.005580343489822186;microdados_filtrado_2022.csv
QT_INSC_VG_NOVA;0.005565874961029156;microdados_filtrado_2022.csv
QT_MAT_PROUNII;0.00548667491263395;microdados_filtrado_2022.csv
CO_REGIAO;0.005354052592789336;microdados_filtrado_2022.csv
QT_MAT_APOIO_SOCIAL;0.00514548982401991;microdados_filtrado_2022.csv
QT_CONC_PROCESCPRIVADA;0.005134624157489107;microdados_filtrado_2022.csv
QT_CONC_FINANC_NREEMB;0.0049410963087783595;microdados_filtrado_2022.csv
QT_VG_NOVA;0.004868033237974346;microdados_filtrado_2022.csv
FEAT_PUBLICA;0.004751691607540221;microdados_filtrado_2022.csv
CO_CINE_ROTULO;0.004713334584525536;microdados_filtrado_2022.csv
QT_ING_APOIO_SOCIAL;0.004710173374453572;microdados_filtrado_2022.csv
FEAT_TAXA_OCUPACAO_VAGAS;0.0046793804708565095;microdados_filtrado_2022.csv
QT_CONC_NRPFIES;0.004675570920713308;microdados_filtrado_2022.csv
QT_MAT_RVREDEPUBLICA;0.004632068191776473;microdados_filtrado_2022.csv
QT_CONC_ATIV_EXTRACURRICULAR;0.004585449331978072;microdados_filtrado_2022.csv
QT_ING_RVREDEPUBLICA;0.004526805499078963;microdados_filtrado_2022.csv
FEAT_PCT_MAT_RESERVA;0.0044720957940852955;microdados_filtrado_2022.csv
QT_CONC_18_24;0.00438845206037823;microdados_filtrado_2022.csv
QT_ALUNO_DEFICIENTE;0.004365140638328762;microdados_filtrado_2022.csv
QT_CONC_FINANC;0.004364683523100152;microdados_filtrado_2022.csv
QT_CONC_25_29;0.004266145991459081;microdados_filtrado_2022.csv
TP_ORGANIZACAO_ACADEMICA;0.004136199995744958;microdados_filtrado_2022.csv
QT_ING_50_59;0.004086168264026068;microdados_filtrado_2022.csv
QT_MAT_RVETNICO;0.004074031513583116;microdados_filtrado_2022.csv
QT_CONC_30_34;0.004015690675829102;microdados_filtrado_2022.csv
QT_MAT_AMARELA;0.00356693859913085;microdados_filtrado_2022.csv
FEAT_PCT_ING_DEFICIENTE;0.0035610384157122575;microdados_filtrado_2022.csv
IN_CAPITAL;0.003559529148421907;microdados_filtrado_2022.csv
QT_CONC_MASC;0.003433739744851361;microdados_filtrado_2022.csv
QT_VG_REMANESC;0.0033120000702415078;microdados_filtrado_2022.csv
QT_MAT_RESERVA_VAGA;0.003283149027473096;microdados_filtrado_2022.csv
QT_CONC_40_49;0.0032694536758918545;microdados_filtrado_2022.csv
QT_VG_TOTAL_NOTURNO;0.0030878108114944193;microdados_filtrado_2022.csv
IN_GRATUITO;0.0030857876910814343;microdados_filtrado_2022.csv
QT_ING_RESERVA_VAGA;0.0030637506603420623;microdados_filtrado_2022.csv
QT_ING_RVSOCIAL_RF;0.0030274584710892325;microdados_filtrado_2022.csv
QT_MAT_RVSOCIAL_RF;0.002808035187746894;microdados_filtrado_2022.csv
FEAT_REGIAO_NORTE_NORDESTE;0.0027861768051662917;microdados_filtrado_2022.csv
QT_CONC_RESERVA_VAGA;0.002775666535183461;microdados_filtrado_2022.csv
QT_MAT_NOTURNO;0.0026910516159813643;microdados_filtrado_2022.csv
QT_MAT_60_MAIS;0.002623855717476025;microdados_filtrado_2022.csv
QT_CONC_CORND;0.002556644208854052;microdados_filtrado_2022.csv
QT_CONC_APOIO_SOCIAL;0.0025013111656713195;microdados_filtrado_2022.csv
QT_ING_NOTURNO;0.0024355143787206063;microdados_filtrado_2022.csv
QT_MAT_DEFICIENTE;0.0022981685059989747;microdados_filtrado_2022.csv
QT_INSCRITO_TOTAL_NOTURNO;0.0020941707708507433;microdados_filtrado_2022.csv
QT_ING_RVETNICO;0.0020887272963448556;microdados_filtrado_2022.csv
QT_INSCRITO_TOTAL_DIURNO;0.0020820018778363336;microdados_filtrado_2022.csv
TP_DIMENSAO;0.001934294044031948;microdados_filtrado_2022.csv
QT_INSC_VG_REMANESC;0.0019241855246259192;microdados_filtrado_2022.csv
QT_CONC_35_39;0.0018608052909616793;microdados_filtrado_2022.csv
QT_CONC_DIURNO;0.0018568521864127008;microdados_filtrado_2022.csv
QT_CURSO;0.001843094609978262;microdados_filtrado_2022.csv
QT_VG_TOTAL_DIURNO;0.001841867447418195;microdados_filtrado_2022.csv
QT_CONC_NOTURNO;0.0018022857178901538;microdados_filtrado_2022.csv
QT_ING_AMARELA;0.0017413956714133225;microdados_filtrado_2022.csv
QT_MAT_INDIGENA;0.001717683420635604;microdados_filtrado_2022.csv
QT_CONC_PRETA;0.0016867324975637426;microdados_filtrado_2022.csv
QT_ING_DIURNO;0.0015874007818799175;microdados_filtrado_2022.csv
FEAT_PCT_ING_PROUNI;0.0015730770481969009;microdados_filtrado_2022.csv
QT_CONC_RVETNICO;0.0015610670954580663;microdados_filtrado_2022.csv
QT_CONC_50_59;0.0015517974590170305;microdados_filtrado_2022.csv
QT_MAT_DIURNO;0.001484802768349838;microdados_filtrado_2022.csv
TP_MODALIDADE_ENSINO;0.0014776255323506354;microdados_filtrado_2022.csv
QT_ING_FINANC_NREEMB_OUTROS;0.0014405366434101382;microdados_filtrado_2022.csv
FEAT_PCT_VG_NOTURNO;0.0013811950763038651;microdados_filtrado_2022.csv
QT_MAT_FINANC_NREEMB_OUTROS;0.0013738881168363706;microdados_filtrado_2022.csv
QT_ING_60_MAIS;0.0013391982004739194;microdados_filtrado_2022.csv
QT_ING_DEFICIENTE;0.0011354147315809178;microdados_filtrado_2022.csv
QT_CONC_RVSOCIAL_RF;0.0011115654023590774;microdados_filtrado_2022.csv
QT_ING_PROUNII;0.0008656998215588161;microdados_filtrado_2022.csv
QT_PARFOR;0.0007474720257312352;microdados_filtrado_2022.csv
QT_MAT_NACESTRANG;0.0007054418319092156;microdados_filtrado_2022.csv
QT_MAT_RVPDEF;0.0006111534787074768;microdados_filtrado_2022.csv
FEAT_DOMINANCIA_MODALIDADE;0.0005796311956317744;microdados_filtrado_2022.csv
QT_ING_INDIGENA;0.0005021792121971421;microdados_filtrado_2022.csv
QT_MAT_RVOUTROS;0.0004304067239161115;microdados_filtrado_2022.csv
QT_CONC_PROUNII;0.0004216038927751155;microdados_filtrado_2022.csv
QT_CONC_DEFICIENTE;0.0003574475606980838;microdados_filtrado_2022.csv
QT_ING_RVPDEF;0.0003136072939299265;microdados_filtrado_2022.csv
QT_ING_AVALIACAO_SERIADA;0.0002957708882289024;microdados_filtrado_2022.csv
QT_MAT_PROUNIP;0.00027934449245591226;microdados_filtrado_2022.csv
QT_ING_0_17;0.00020437574549643788;microdados_filtrado_2022.csv
QT_CONC_60_MAIS;0.0001816979682670291;microdados_filtrado_2022.csv
QT_ING_NACESTRANG;0.00016565082171810322;microdados_filtrado_2022.csv
QT_CONC_AMARELA;0.00014859960411839424;microdados_filtrado_2022.csv
QT_MAT_0_17;0.0001358851677010763;microdados_filtrado_2022.csv
QT_VG_PROG_ESPECIAL;8.309238686376864e-05;microdados_filtrado_2022.csv
QT_ING_RVOUTROS;7.633007836032093e-05;microdados_filtrado_2022.csv
QT_MAT_MOB_ACADEMICA;7.484319087244766e-05;microdados_filtrado_2022.csv
QT_MAT_FINANC_REEMB;7.18463070569887e-05;microdados_filtrado_2022.csv
QT_INSC_VG_PROG_ESPECIAL;6.783598066700221e-05;microdados_filtrado_2022.csv
QT_MOB_ACADEMICA;6.781755355812263e-05;microdados_filtrado_2022.csv
QT_ING_OUTRA_FORMA;6.141093626600923e-05;microdados_filtrado_2022.csv
QT_MAT_PARFOR;4.5125342380248684e-05;microdados_filtrado_2022.csv
QT_MAT_FIES;3.8233149379927086e-05;microdados_filtrado_2022.csv
QT_MAT_PROCNAOINFORMADA;2.5052647841892453e-05;microdados_filtrado_2022.csv
QT_CONC_NACESTRANG;2.303183077294383e-05;microdados_filtrado_2022.csv
QT_CONC_RVPDEF;1.8696056907783948e-05;microdados_filtrado_2022.csv
QT_VG_TOTAL_EAD;0.0;microdados_filtrado_2022.csv
FEAT_PCT_VG_EAD;0.0;microdados_filtrado_2022.csv
TP_NIVEL_ACADEMICO;0.0;microdados_filtrado_2022.csv
CO_CINE_AREA_GERAL;0.0;microdados_filtrado_2022.csv
QT_VG_PROC_SELETIVO;0.0;microdados_filtrado_2022.csv
QT_ING_VG_PROG_ESPECIAL;0.0;microdados_filtrado_2022.csv
QT_ING_PROC_SELETIVO;0.0;microdados_filtrado_2022.csv
QT_ING_OUTRO_TIPO_SELECAO;0.0;microdados_filtrado_2022.csv
QT_ING_EGR;0.0;microdados_filtrado_2022.csv
CO_CINE_AREA_DETALHADA;0.0;microdados_filtrado_2022.csv
CO_CINE_AREA_ESPECIFICA;0.0;microdados_filtrado_2022.csv
QT_INSC_PROC_SELETIVO;0.0;microdados_filtrado_2022.csv
QT_INSCRITO_TOTAL_EAD;0.0;microdados_filtrado_2022.csv
TP_GRAU_ACADEMICO;0.0;microdados_filtrado_2022.csv
QT_ING_FINANC_REEMB;0.0;microdados_filtrado_2022.csv
FEAT_PCT_ING_COM_FIES;0.0;microdados_filtrado_2022.csv
QT_CONC_FIES;0.0;microdados_filtrado_2022.csv
QT_CONC_RVOUTROS;0.0;microdados_filtrado_2022.csv
QT_CONC_FINANC_NREEMB_OUTROS;0.0;microdados_filtrado_2022.csv
QT_ING_PROCNAOINFORMADA;0.0;microdados_filtrado_2022.csv
QT_CONC_PROUNIP;0.0;microdados_filtrado_2022.csv
QT_CONC_FINANC_REEMB_OUTROS;0.0;microdados_filtrado_2022.csv
QT_CONC_RPFIES;0.0;microdados_filtrado_2022.csv
QT_CONC_PROCNAOINFORMADA;0.0;microdados_filtrado_2022.csv
QT_ING_PARFOR;0.0;microdados_filtrado_2022.csv
QT_CONC_PARFOR;0.0;microdados_filtrado_2022.csv
QT_CONC_FINANC_REEMB;0.0;microdados_filtrado_2022.csv
QT_CONC_0_17;0.0;microdados_filtrado_2022.csv
QT_MAT_FINANC_REEMB_OUTROS;0.0;microdados_filtrado_2022.csv
QT_MAT_RPFIES;0.0;microdados_filtrado_2022.csv
QT_ING_MOB_ACADEMICA;0.0;microdados_filtrado_2022.csv
QT_CONC_MOB_ACADEMICA;0.0;microdados_filtrado_2022.csv
QT_ING_PROUNIP;0.0;microdados_filtrado_2022.csv
QT_ING_FINANC_REEMB_OUTROS;0.0;microdados_filtrado_2022.csv
QT_ING_RPFIES;0.0;microdados_filtrado_2022.csv
QT_ING_FIES;0.0;microdados_filtrado_2022.csv
QT_CONC_INDIGENA;0.0;microdados_filtrado_2022.csv
ANO_BASE;0.0;microdados_filtrado_2022.csv
QT_ING_NRPFIES;0.02466053774195929;microdados_filtrado_2024.csv
FEAT_PCT_ING_FINANC;0.02248265922678207;microdados_filtrado_2024.csv
FEAT_PCT_MAT_FINANC;0.02037463407450133;microdados_filtrado_2024.csv
FEAT_RAZAO_MAT_POR_ING;0.01972830929420509;microdados_filtrado_2024.csv
QT_ING_VESTIBULAR;0.019526322120943268;microdados_filtrado_2024.csv
QT_MAT_NRPFIES;0.019154433882791134;microdados_filtrado_2024.csv
FEAT_TAXA_INGRESSO_MATRICULA;0.01837033729801677;microdados_filtrado_2024.csv
FEAT_PCT_ING_JOVEM;0.018366785362434024;microdados_filtrado_2024.csv
FEAT_PCT_ING_BRANCA;0.016593936935964414;microdados_filtrado_2024.csv
QT_ING_FINANC_NREEMB;0.015413106211276511;microdados_filtrado_2024.csv
QT_CONC;0.01520877988492906;microdados_filtrado_2024.csv
QT_MAT_FINANC_NREEMB;0.015167368508649345;microdados_filtrado_2024.csv
FEAT_PCT_ING_PRETA_PARDA;0.014610491935037611;microdados_filtrado_2024.csv
QT_MAT_FINANC;0.014296233477714148;microdados_filtrado_2024.csv
FEAT_IDADE_MEDIA_ING;0.013575482168408877;microdados_filtrado_2024.csv
QT_ING_VG_NOVA;0.013131784963255297;microdados_filtrado_2024.csv
QT_ING_VG_REMANESC;0.012883416223097457;microdados_filtrado_2024.csv
FEAT_INDICE_DIVERSIDADE;0.012868756879375234;microdados_filtrado_2024.csv
CO_CINE_ROTULO;0.012340304295402052;microdados_filtrado_2024.csv
QT_CONC_PROCESCPUBLICA;0.01232241727082291;microdados_filtrado_2024.csv
QT_ATIV_EXTRACURRICULAR;0.012169441631039253;microdados_filtrado_2024.csv
QT_MAT_BRANCA;0.01201097477038255;microdados_filtrado_2024.csv
QT_MAT_18_24;0.011926205804620118;microdados_filtrado_2024.csv
QT_ING_FINANC;0.011861452990916076;microdados_filtrado_2024.csv
QT_ING_18_24;0.01180896221943664;microdados_filtrado_2024.csv
QT_MAT_NACBRAS;0.01177186214519448;microdados_filtrado_2024.csv
FEAT_PCT_MAT_FEM;0.011752057626128343;microdados_filtrado_2024.csv
QT_MAT_ATIV_EXTRACURRICULAR;0.011603827555692746;microdados_filtrado_2024.csv
QT_ING_SELECAO_SIMPLIFICA;0.011595650642444826;microdados_filtrado_2024.csv
FEAT_PCT_ING_FEM;0.011571298828570853;microdados_filtrado_2024.csv
QT_MAT;0.011220678498432137;microdados_filtrado_2024.csv
QT_ING_PROCESCPUBLICA;0.011155923154862923;microdados_filtrado_2024.csv
QT_ING_ENEM;0.011023110309854096;microdados_filtrado_2024.csv
QT_CONC_NACBRAS;0.010969643918439147;microdados_filtrado_2024.csv
QT_MAT_PROCESCPUBLICA;0.010808843514969689;microdados_filtrado_2024.csv
QT_MAT_FEM;0.010776591930684531;microdados_filtrado_2024.csv
QT_CONC_BRANCA;0.01042223516553422;microdados_filtrado_2024.csv
QT_MAT_PROCESCPRIVADA;0.01041412352344385;microdados_filtrado_2024.csv
QT_CONC_FEM;0.010261518787978015;microdados_filtrado_2024.csv
QT_ING_PROCESCPRIVADA;0.009982208830774952;microdados_filtrado_2024.csv
QT_ING_PARDA;0.009796725599499692;microdados_filtrado_2024.csv
QT_ING_NACBRAS;0.009769791269215549;microdados_filtrado_2024.csv
QT_ING_BRANCA;0.009660519948325503;microdados_filtrado_2024.csv
QT_MAT_PARDA;0.009625015208480536;microdados_filtrado_2024.csv
QT_MAT_MASC;0.009408388250665686;microdados_filtrado_2024.csv
QT_MAT_40_49;0.009313736541719804;microdados_filtrado_2024.csv
CO_UF;0.00931111047325077;microdados_filtrado_2024.csv
QT_MAT_25_29;0.009208190774718199;microdados_filtrado_2024.csv
QT_MAT_CORND;0.009086550727016692;microdados_filtrado_2024.csv
QT_ING_FEM;0.008897808121271078;microdados_filtrado_2024.csv
QT_ING_40_49;0.008506701504527784;microdados_filtrado_2024.csv
QT_MAT_35_39;0.008280098319092762;microdados_filtrado_2024.csv
QT_MAT_PRETA;0.008142451694945924;microdados_filtrado_2024.csv
FEAT_PCT_ING_IDOSO;0.008131290966491192;microdados_filtrado_2024.csv
QT_ING;0.008047720994472244;microdados_filtrado_2024.csv
QT_CONC_FINANC_NREEMB;0.0074945253811032845;microdados_filtrado_2024.csv
QT_MAT_30_34;0.007404308500168032;microdados_filtrado_2024.csv
QT_ING_25_29;0.007162985477745838;microdados_filtrado_2024.csv
QT_ING_CORND;0.007159116449968393;microdados_filtrado_2024.csv
QT_CONC_FINANC;0.006092394245522076;microdados_filtrado_2024.csv
QT_MAT_50_59;0.005834022150259437;microdados_filtrado_2024.csv
QT_ING_MASC;0.005831657939342186;microdados_filtrado_2024.csv
QT_CONC_18_24;0.005758075750450355;microdados_filtrado_2024.csv
FEAT_TAXA_OCUPACAO_VAGAS;0.00564439214140579;microdados_filtrado_2024.csv
QT_ING_35_39;0.00563938521843589;microdados_filtrado_2024.csv
QT_ING_PRETA;0.005461737495534493;microdados_filtrado_2024.csv
QT_ING_50_59;0.005416720670439932;microdados_filtrado_2024.csv
FEAT_PCT_ING_RESERVA_SOCIAL;0.005404072803234149;microdados_filtrado_2024.csv
QT_CONC_PARDA;0.0052927158859281806;microdados_filtrado_2024.csv
FEAT_RATIO_CANDIDATO_VAGA;0.005234841374967859;microdados_filtrado_2024.csv
QT_CONC_25_29;0.005158323353634347;microdados_filtrado_2024.csv
QT_ING_30_34;0.004906919653920696;microdados_filtrado_2024.csv
QT_INSC_VG_REMANESC;0.004861974542384396;microdados_filtrado_2024.csv
QT_VG_REMANESC;0.004829896848494092;microdados_filtrado_2024.csv
QT_CONC_NRPFIES;0.004809786319464261;microdados_filtrado_2024.csv
QT_INSC_VG_NOVA;0.004519843181548284;microdados_filtrado_2024.csv
CO_REGIAO;0.004486813329460401;microdados_filtrado_2024.csv
QT_MAT_RESERVA_VAGA;0.004439347168767735;microdados_filtrado_2024.csv
FEAT_PCT_MAT_RESERVA;0.004436325741099614;microdados_filtrado_2024.csv
QT_INSCRITO_TOTAL;0.0043997283717691635;microdados_filtrado_2024.csv
QT_VG_TOTAL;0.004372234165400541;microdados_filtrado_2024.csv
QT_CONC_MASC;0.004371446764749653;microdados_filtrado_2024.csv
QT_ALUNO_DEFICIENTE;0.004282225875680209;microdados_filtrado_2024.csv
QT_CONC_PROCESCPRIVADA;0.00425502604422619;microdados_filtrado_2024.csv
QT_ING_ATIV_EXTRACURRICULAR;0.004164370155807304;microdados_filtrado_2024.csv
FEAT_PCT_MAT_APOIO_SOCIAL;0.004035956141466089;microdados_filtrado_2024.csv
QT_CONC_ATIV_EXTRACURRICULAR;0.004013826162215078;microdados_filtrado_2024.csv
TP_ORGANIZACAO_ACADEMICA;0.003964426441047285;microdados_filtrado_2024.csv
TP_CATEGORIA_ADMINISTRATIVA;0.003944055028071569;microdados_filtrado_2024.csv
QT_MAT_PROUNII;0.003867062769428014;microdados_filtrado_2024.csv
QT_INSCRITO_TOTAL_NOTURNO;0.00381946501735739;microdados_filtrado_2024.csv
FEAT_PUBLICA;0.003785360834082059;microdados_filtrado_2024.csv
QT_CONC_PRETA;0.003766799322416004;microdados_filtrado_2024.csv
QT_MAT_APOIO_SOCIAL;0.003727920686138517;microdados_filtrado_2024.csv
QT_MAT_RVREDEPUBLICA;0.00371550197212763;microdados_filtrado_2024.csv
QT_CONC_40_49;0.0036571606965657612;microdados_filtrado_2024.csv
QT_ING_NOTURNO;0.0035360239190740644;microdados_filtrado_2024.csv
QT_CONC_30_34;0.0034585122648542453;microdados_filtrado_2024.csv
QT_ING_RVREDEPUBLICA;0.003211716003112537;microdados_filtrado_2024.csv
QT_APOIO_SOCIAL;0.0032040587467603767;microdados_filtrado_2024.csv
IN_CAPITAL;0.003172321278606221;microdados_filtrado_2024.csv
QT_MAT_DEFICIENTE;0.0031663814340021634;microdados_filtrado_2024.csv
QT_VG_NOVA;0.003150872658338597;microdados_filtrado_2024.csv
QT_MAT_60_MAIS;0.0031295757874288573;microdados_filtrado_2024.csv
QT_ING_RVPPI;0.0029988396836989444;microdados_filtrado_2024.csv
FEAT_PCT_ING_DEFICIENTE;0.002812647223767289;microdados_filtrado_2024.csv
QT_CONC_CORND;0.002679141493521531;microdados_filtrado_2024.csv
QT_VG_TOTAL_NOTURNO;0.0026552211902796537;microdados_filtrado_2024.csv
QT_ING_APOIO_SOCIAL;0.0026375037466117713;microdados_filtrado_2024.csv
QT_MAT_RVPPI;0.002607606830600135;microdados_filtrado_2024.csv
QT_ING_RESERVA_VAGA;0.0026006288864589833;microdados_filtrado_2024.csv
QT_ING_RVSOCIAL_RF;0.002534481839425402;microdados_filtrado_2024.csv
QT_MAT_RVSOCIAL_RF;0.0024636069788125537;microdados_filtrado_2024.csv
QT_MAT_AMARELA;0.0024477417748230276;microdados_filtrado_2024.csv
QT_INSCRITO_TOTAL_DIURNO;0.002383717577887005;microdados_filtrado_2024.csv
TP_REDE;0.0023727919801736323;microdados_filtrado_2024.csv
QT_VG_TOTAL_DIURNO;0.002105772833871901;microdados_filtrado_2024.csv
IN_GRATUITO;0.002105133206895102;microdados_filtrado_2024.csv
QT_CONC_35_39;0.002098898747517149;microdados_filtrado_2024.csv
FEAT_PCT_ING_PROUNI;0.0020886197942535135;microdados_filtrado_2024.csv
QT_CONC_RESERVA_VAGA;0.0020549416637238816;microdados_filtrado_2024.csv
QT_MAT_FINANC_NREEMB_OUTROS;0.0020081671772974297;microdados_filtrado_2024.csv
QT_ING_60_MAIS;0.0020005072822775615;microdados_filtrado_2024.csv
QT_MAT_INDIGENA;0.0019098760572909695;microdados_filtrado_2024.csv
QT_MAT_NOTURNO;0.0018957510154608004;microdados_filtrado_2024.csv
QT_CONC_APOIO_SOCIAL;0.0017991484961873772;microdados_filtrado_2024.csv
QT_CONC_RVREDEPUBLICA;0.0017864837016889693;microdados_filtrado_2024.csv
FEAT_REGIAO_NORTE_NORDESTE;0.0017662817578317739;microdados_filtrado_2024.csv
QT_CONC_NOTURNO;0.0017583602532516348;microdados_filtrado_2024.csv
QT_ING_DIURNO;0.0017530393977487802;microdados_filtrado_2024.csv
QT_CONC_50_59;0.001697885665901031;microdados_filtrado_2024.csv
FEAT_PCT_VG_NOTURNO;0.0016900254031232795;microdados_filtrado_2024.csv
QT_ING_AMARELA;0.0016105139188668238;microdados_filtrado_2024.csv
QT_CONC_RVSOCIAL_RF;0.0014847639527062594;microdados_filtrado_2024.csv
QT_MAT_DIURNO;0.0014764394091158148;microdados_filtrado_2024.csv
QT_CONC_DIURNO;0.0012945936113399987;microdados_filtrado_2024.csv
QT_CURSO;0.0012256343303427676;microdados_filtrado_2024.csv
QT_CONC_RVPPI;0.0012180262411380677;microdados_filtrado_2024.csv
QT_ING_DEFICIENTE;0.001091016552724694;microdados_filtrado_2024.csv
TP_DIMENSAO;0.0009084779478895431;microdados_filtrado_2024.csv
TP_MODALIDADE_ENSINO;0.0008002642332402407;microdados_filtrado_2024.csv
QT_ING_FINANC_NREEMB_OUTROS;0.0007989075539178727;microdados_filtrado_2024.csv
QT_MAT_NACESTRANG;0.000795822105399199;microdados_filtrado_2024.csv
QT_ING_PROUNII;0.0007830740848858191;microdados_filtrado_2024.csv
FEAT_DOMINANCIA_MODALIDADE;0.0006378078526445172;microdados_filtrado_2024.csv
QT_ING_RVPDEF;0.0005307013606490055;microdados_filtrado_2024.csv
QT_VG_PROG_ESPECIAL;0.0004911175120847943;microdados_filtrado_2024.csv
QT_CONC_PROUNII;0.0003713417288467562;microdados_filtrado_2024.csv
QT_CONC_60_MAIS;0.00035604191920726074;microdados_filtrado_2024.csv
QT_CONC_AMARELA;0.0003556895970061697;microdados_filtrado_2024.csv
QT_ING_INDIGENA;0.0003463678492296317;microdados_filtrado_2024.csv
QT_MAT_PROCNAOINFORMADA;0.00031882067117765635;microdados_filtrado_2024.csv
IN_COMUNITARIA;0.0003035303598857363;microdados_filtrado_2024.csv
QT_MAT_RVQUILO;0.00028615200916976404;microdados_filtrado_2024.csv
QT_INSC_VG_PROG_ESPECIAL;0.00022566009003595173;microdados_filtrado_2024.csv
QT_CONC_INDIGENA;0.00020180232681555542;microdados_filtrado_2024.csv
QT_CONC_DEFICIENTE;0.0001943854508432743;microdados_filtrado_2024.csv
QT_ING_RVOUTROS;0.00018975946287650002;microdados_filtrado_2024.csv
QT_MAT_RVOUTROS;0.0001890121091893319;microdados_filtrado_2024.csv
QT_ING_NACESTRANG;0.0001774670377485437;microdados_filtrado_2024.csv
QT_MAT_RVPDEF;0.00016821971272177157;microdados_filtrado_2024.csv
QT_PARFOR;0.00010467911783663218;microdados_filtrado_2024.csv
QT_ING_VG_PROG_ESPECIAL;9.112538530936051e-05;microdados_filtrado_2024.csv
QT_ING_OUTRA_FORMA;7.280731157479195e-05;microdados_filtrado_2024.csv
QT_ING_RVQUILO;7.162693036305174e-05;microdados_filtrado_2024.csv
QT_CONC_RVQUILO;5.0163518424573846e-05;microdados_filtrado_2024.csv
QT_MAT_0_17;4.827949124656181e-05;microdados_filtrado_2024.csv
QT_MAT_PROUNIP;4.445308704164879e-05;microdados_filtrado_2024.csv
QT_ING_AVALIACAO_SERIADA;4.424483072887168e-05;microdados_filtrado_2024.csv
QT_CONC_NACESTRANG;4.3296534403778486e-05;microdados_filtrado_2024.csv
QT_ING_0_17;4.1938338527023265e-05;microdados_filtrado_2024.csv
IN_CONFESSIONAL;2.213263979932474e-05;microdados_filtrado_2024.csv
TP_NIVEL_ACADEMICO;0.0;microdados_filtrado_2024.csv
CO_CINE_AREA_DETALHADA;0.0;microdados_filtrado_2024.csv
CO_CINE_AREA_ESPECIFICA;0.0;microdados_filtrado_2024.csv
TP_GRAU_ACADEMICO;0.0;microdados_filtrado_2024.csv
QT_CONC_MOB_ACADEMICA;0.0;microdados_filtrado_2024.csv
QT_MAT_MOB_ACADEMICA;0.0;microdados_filtrado_2024.csv
QT_ING_MOB_ACADEMICA;0.0;microdados_filtrado_2024.csv
QT_MOB_ACADEMICA;0.0;microdados_filtrado_2024.csv
CO_CINE_AREA_GERAL;0.0;microdados_filtrado_2024.csv
FEAT_PCT_VG_EAD;0.0;microdados_filtrado_2024.csv
FEAT_PCT_ING_COM_FIES;0.0;microdados_filtrado_2024.csv
QT_CONC_FINANC_REEMB;0.0;microdados_filtrado_2024.csv
QT_CONC_PARFOR;0.0;microdados_filtrado_2024.csv
QT_MAT_PARFOR;0.0;microdados_filtrado_2024.csv
QT_CONC_PROUNIP;0.0;microdados_filtrado_2024.csv
QT_CONC_FINANC_REEMB_OUTROS;0.0;microdados_filtrado_2024.csv
QT_CONC_RPFIES;0.0;microdados_filtrado_2024.csv
QT_CONC_FIES;0.0;microdados_filtrado_2024.csv
QT_MAT_FINANC_REEMB_OUTROS;0.0;microdados_filtrado_2024.csv
QT_MAT_RPFIES;0.0;microdados_filtrado_2024.csv
QT_MAT_FIES;0.0;microdados_filtrado_2024.csv
QT_MAT_FINANC_REEMB;0.0;microdados_filtrado_2024.csv
QT_ING_PROUNIP;0.0;microdados_filtrado_2024.csv
QT_ING_FINANC_REEMB_OUTROS;0.0;microdados_filtrado_2024.csv
QT_ING_RPFIES;0.0;microdados_filtrado_2024.csv
QT_ING_FIES;0.0;microdados_filtrado_2024.csv
QT_ING_FINANC_REEMB;0.0;microdados_filtrado_2024.csv
QT_CONC_0_17;0.0;microdados_filtrado_2024.csv
QT_ING_PROC_SELETIVO;0.0;microdados_filtrado_2024.csv
QT_ING_OUTRO_TIPO_SELECAO;0.0;microdados_filtrado_2024.csv
QT_ING_EGR;0.0;microdados_filtrado_2024.csv
QT_INSC_PROC_SELETIVO;0.0;microdados_filtrado_2024.csv
QT_INSCRITO_TOTAL_EAD;0.0;microdados_filtrado_2024.csv
QT_VG_PROC_SELETIVO;0.0;microdados_filtrado_2024.csv
QT_VG_TOTAL_EAD;0.0;microdados_filtrado_2024.csv
QT_CONC_FINANC_NREEMB_OUTROS;0.0;microdados_filtrado_2024.csv
QT_ING_RVREFU;0.0;microdados_filtrado_2024.csv
QT_ING_RVPOVT;0.0;microdados_filtrado_2024.csv
QT_CONC_RVPOVT;0.0;microdados_filtrado_2024.csv
QT_ING_PARFOR;0.0;microdados_filtrado_2024.csv
QT_CONC_PROCNAOINFORMADA;0.0;microdados_filtrado_2024.csv
QT_ING_PROCNAOINFORMADA;0.0;microdados_filtrado_2024.csv
QT_CONC_RVOUTROS;0.0;microdados_filtrado_2024.csv
QT_CONC_RVTRANS;0.0;microdados_filtrado_2024.csv
QT_CONC_RVMEDAL;0.0;microdados_filtrado_2024.csv
QT_CONC_RVINTERN;0.0;microdados_filtrado_2024.csv
QT_CONC_RVIDOSO;0.0;microdados_filtrado_2024.csv
QT_CONC_RVPDEF;0.0;microdados_filtrado_2024.csv
QT_CONC_RVREFU;0.0;microdados_filtrado_2024.csv
QT_ING_RVIDOSO;0.0;microdados_filtrado_2024.csv
QT_MAT_RVTRANS;0.0;microdados_filtrado_2024.csv
QT_MAT_RVMEDAL;0.0;microdados_filtrado_2024.csv
QT_MAT_RVINTERN;0.0;microdados_filtrado_2024.csv
QT_MAT_RVIDOSO;0.0;microdados_filtrado_2024.csv
QT_MAT_RVPOVT;0.0;microdados_filtrado_2024.csv
QT_MAT_RVREFU;0.0;microdados_filtrado_2024.csv
QT_ING_RVTRANS;0.0;microdados_filtrado_2024.csv
QT_ING_RVMEDAL;0.0;microdados_filtrado_2024.csv
QT_ING_RVINTERN;0.0;microdados_filtrado_2024.csv
ANO_BASE;0.0;microdados_filtrado_2024.csv
